"Text","Emotion","Themes","Symbols","Prompt"
"I flew over a glowing forest with talking trees","Positive","surrealism,nature","forest,trees","A radiant forest glowing with emerald light, trees whispering secrets as you soar above"
"I was trapped in a dark maze","Negative","fear,isolation","maze,darkness","A shadowy maze with endless twisting walls under a dim, oppressive sky"
"I danced with shadows under a crimson moon","Positive","mystery,joy","shadows,moon","A vibrant night where shadows sway gracefully beneath a glowing crimson moon"
"The ocean screamed my name as waves devoured the shore","Negative","fear,powerlessness","ocean,waves","A stormy sea roaring with fury, waves crashing relentlessly over a crumbling shore"
"A golden clock ticked backward in a room of mirrors","Neutral","time,surrealism","clock,mirrors","A shimmering room of endless reflections, where a golden clock unwinds time itself"
"I held a lantern that glowed with forgotten memories","Positive","nostalgia,hope","lantern,light","A warm lantern radiating soft light, each flicker revealing glimpses of lost moments"
"The city crumbled as ash rained from a silent sky","Negative","despair,destruction","city,ash","A ruined city shrouded in stillness, ash falling like snow from an empty sky"
"I walked through a field of flowers that sang in harmony","Positive","peace,beauty","flowers,field","A lush field where vibrant flowers hum a gentle melody under a golden sun"
"I stood on a bridge as it dissolved into mist","Bittersweet","change,uncertainty","bridge,mist","A fragile bridge fading into swirling mist, suspended between past and future"
"The stars fell like tears into a desert of glass","Negative","loss,sorrow","stars,desert","A desolate glass desert under a weeping sky, stars shattering as they fall"
"A masked figure offered me a key in a burning room","Neutral","mystery,choice","mask,key","A tense scene in a flaming room, a masked stranger extending a gleaming key"
"I swam through a sky of liquid gold","Positive","wonder,abundance","sky,gold","A boundless sky shimmering with molten gold, flowing like a warm river"
"The wind carried voices of people Iâ€™d never met","Neutral","connection,intrigue","wind,voices","A breeze weaving through the air, whispering unfamiliar voices from distant lives"
"I ran from a shadow that wore my face","Negative","fear,identity","shadow,face","A chilling chase beneath a pale moon, pursued by a shadow mirroring my every move"
"A tree grew upside-down, its roots drinking the sky","Positive","surrealism,growth","tree,sky","An inverted tree thriving aloft, its roots blooming into a boundless azure sky"
"The clocktower sang a lullaby as the town slept","Positive","calm,time","clocktower,town","A serene night where a clocktower hums softly, cradling a sleeping town"
"I found a book that bled ink onto my hands","Negative","dread,chaos","book,ink","A dark tome spilling endless ink, staining hands with its restless secrets"
"A carousel spun alone in a field of frost","Bittersweet","nostalgia,loneliness","carousel,frost","A solitary carousel turning silently, its colors muted by a frost-kissed field"
"I whispered to a mirror and it whispered back","Neutral","introspection,surrealism","mirror,voice","A quiet room where a mirror echoes your whisper with its own strange voice"
"The sun drowned in a sea of violet clouds","Negative","melancholy,endings","sun,clouds","A fading sun sinking into a violet abyss, swallowed by heavy, mournful clouds"